"Name","Team","BABIP","GB/FB","LD%","GB%","FB%","IFFB%","HR/FB","PA","playerid"
"Trey Mancini","Orioles",".286","1.00","20.0 %","40.0 %","40.0 %","0.0 %","75.0 %","15","15149"
"Jesus Sucre","Mariners",".579","2.50","30.0 %","50.0 %","20.0 %","0.0 %","25.0 %","29","5942"
"Hunter Renfroe","Padres",".346","1.00","13.3 %","43.3 %","43.3 %","15.4 %","30.8 %","36","15464"
"Pedro Severino","Nationals",".304","1.88","8.0 %","60.0 %","32.0 %","25.0 %","25.0 %","34","14523"
"Jose Martinez","Cardinals",".467","3.00","20.0 %","60.0 %","20.0 %","0.0 %","0.0 %","18","7996"
"Jordan Patterson","Rockies",".471","1.00","29.4 %","35.3 %","35.3 %","0.0 %","0.0 %","19","15119"
"Justin Ruggiano","- - -",".500","1.00","28.6 %","35.7 %","35.7 %","20.0 %","40.0 %","26","7620"
"Gary Sanchez","Yankees",".317","1.44","16.4 %","49.3 %","34.2 %","14.0 %","40.0 %","229","11442"
"David Ortiz","Red Sox",".312","0.73","22.1 %","32.8 %","45.1 %","7.3 %","18.4 %","626","745"
"Mike Trout","Angels",".371","1.12","22.1 %","41.2 %","36.7 %","2.6 %","19.0 %","681","10155"
"Tom Murphy","Rockies",".350","0.58","24.0 %","28.0 %","48.0 %","16.7 %","41.7 %","49","13499"
"Joey Votto","Reds",".366","1.45","27.3 %","43.0 %","29.7 %","0.0 %","22.0 %","677","4314"
"Daniel Murphy","Nationals",".348","0.87","21.8 %","36.3 %","41.9 %","8.9 %","12.4 %","582","4316"
"Josh Donaldson","Blue Jays",".300","0.94","21.3 %","38.2 %","40.6 %","10.2 %","19.8 %","700","5038"
"Freddie Freeman","Braves",".370","0.75","29.1 %","30.3 %","40.5 %","5.3 %","19.9 %","693","5361"
"Miguel Cabrera","Tigers",".336","1.17","22.7 %","41.7 %","35.5 %","4.7 %","22.1 %","679","1744"
"Munenori Kawasaki","Cubs",".438","1.20","26.7 %","40.0 %","33.3 %","0.0 %","0.0 %","26","13047"
"Kris Bryant","Cubs",".332","0.67","23.7 %","30.5 %","45.8 %","12.1 %","18.8 %","699","15429"
"Trea Turner","Nationals",".388","1.36","25.2 %","43.1 %","31.7 %","6.4 %","16.7 %","324","16252"
"Charlie Blackmon","Rockies",".350","0.91","27.8 %","34.4 %","37.8 %","7.3 %","16.2 %","641","7859"
"DJ LeMahieu","Rockies",".388","2.22","26.6 %","50.6 %","22.8 %","10.2 %","10.2 %","635","9874"
"Anthony Rizzo","Cubs",".309","0.93","20.3 %","38.4 %","41.3 %","8.6 %","16.2 %","676","3473"
"Jose Altuve","Astros",".347","1.29","26.2 %","41.6 %","32.2 %","4.9 %","13.0 %","717","5417"
"Nolan Arenado","Rockies",".293","0.75","18.0 %","35.2 %","46.7 %","11.5 %","16.8 %","696","9777"
"J.D. Martinez","Tigers",".378","1.17","21.4 %","42.4 %","36.2 %","4.1 %","18.0 %","517","6184"
"Nelson Cruz","Mariners",".320","1.18","18.1 %","44.4 %","37.5 %","8.5 %","26.2 %","667","2434"
"Brett Nicholas","Rangers",".310","0.71","22.6 %","32.3 %","45.2 %","7.1 %","14.3 %","45","11192"
"Paul Goldschmidt","Diamondbacks",".358","1.61","24.7 %","46.5 %","28.8 %","14.3 %","19.0 %","705","9218"
"Trevor Story","Rockies",".343","0.62","23.6 %","29.3 %","47.1 %","8.8 %","23.7 %","415","12564"
"Mookie Betts","Red Sox",".322","1.05","19.3 %","41.4 %","39.4 %","12.3 %","13.2 %","730","13611"
"Ryan Braun","Brewers",".326","2.22","19.3 %","55.7 %","25.1 %","7.7 %","28.8 %","564","3410"
"Jacob Stallings","Pirates",".545","1.67","27.3 %","45.5 %","27.3 %","33.3 %","0.0 %","15","13723"
"Matt Joyce","Pirates",".285","1.29","18.4 %","46.0 %","35.6 %","10.3 %","22.4 %","293","3353"
"Matt Carpenter","Cardinals",".307","0.71","26.2 %","30.6 %","43.2 %","4.4 %","13.3 %","566","8090"
"Tyler Naquin","Indians",".411","1.54","23.4 %","46.4 %","30.1 %","7.9 %","22.2 %","365","13359"
"Brandon Belt","Giants",".346","0.57","27.8 %","26.3 %","46.0 %","6.0 %","9.3 %","655","10264"
"Edwin Encarnacion","Blue Jays",".270","0.92","20.4 %","38.2 %","41.4 %","12.3 %","21.5 %","702","2151"
"Corey Seager","Dodgers",".355","1.58","24.4 %","46.3 %","29.3 %","2.1 %","17.9 %","687","13624"
"Adrian Beltre","Rangers",".293","0.95","17.7 %","40.2 %","42.1 %","11.0 %","14.6 %","640","639"
"Jean Segura","Diamondbacks",".353","1.91","19.1 %","53.1 %","27.8 %","5.4 %","13.5 %","694","5933"
"Steve Pearce","- - -",".318","1.14","19.0 %","43.1 %","37.9 %","11.3 %","16.3 %","302","9957"
"Brandon Snyder","Braves",".269","1.18","20.0 %","43.3 %","36.7 %","0.0 %","36.4 %","47","9856"
"Robinson Cano","Mariners",".299","1.27","18.0 %","45.9 %","36.1 %","8.9 %","19.3 %","715","3269"
"Brian Dozier","Twins",".280","0.76","15.9 %","36.4 %","47.7 %","13.2 %","18.4 %","691","9810"
"Carlos Santana","Indians",".258","1.04","16.0 %","42.8 %","41.2 %","10.9 %","16.9 %","688","2396"
"Aledmys Diaz","Cardinals",".312","1.17","15.6 %","45.5 %","38.9 %","13.3 %","12.6 %","460","15937"
"Yoenis Cespedes","Mets",".298","0.90","21.5 %","37.1 %","41.4 %","11.5 %","19.9 %","543","13110"
"Jung Ho Kang","Pirates",".273","1.13","20.3 %","42.3 %","37.3 %","6.7 %","23.3 %","370","17182"
"Christian Yelich","Marlins",".356","2.82","23.4 %","56.5 %","20.0 %","5.6 %","23.6 %","659","11477"
"Hanley Ramirez","Red Sox",".315","1.47","18.8 %","48.4 %","32.9 %","12.0 %","21.1 %","620","8001"
"Dexter Fowler","Cubs",".350","1.14","23.8 %","40.7 %","35.5 %","6.8 %","11.0 %","551","4062"
"David Dahl","Rockies",".404","1.37","21.5 %","45.4 %","33.1 %","9.3 %","13.0 %","237","13744"
"Manny Machado","Orioles",".309","0.88","20.0 %","37.3 %","42.7 %","14.3 %","16.5 %","696","11493"
"Andrew Toles","Dodgers",".385","1.63","22.2 %","48.1 %","29.6 %","4.2 %","12.5 %","115","13414"
"Ryon Healy","Athletics",".352","1.07","19.6 %","41.6 %","38.8 %","7.4 %","16.0 %","283","15447"
"Chris Young","Red Sox",".326","0.51","24.8 %","25.5 %","49.7 %","17.1 %","11.8 %","227","3882"
"Sean Rodriguez","Pirates",".344","1.11","24.4 %","39.8 %","35.8 %","6.9 %","25.0 %","342","6589"
"Robbie Grossman","Twins",".364","1.02","25.3 %","37.8 %","36.9 %","5.8 %","12.8 %","389","5254"
"Kyle Seager","Mariners",".295","0.86","21.9 %","36.1 %","42.0 %","7.3 %","14.6 %","676","9785"
"Willson Contreras","Cubs",".339","1.96","17.9 %","54.3 %","27.7 %","3.9 %","23.5 %","283","11609"
"Ryan Schimpf","Padres",".260","0.30","15.5 %","19.5 %","64.9 %","15.0 %","17.7 %","330","9953"
"Sandy Leon","Red Sox",".392","1.41","24.7 %","44.1 %","31.2 %","8.6 %","12.1 %","283","5273"
"Stephen Drew","Nationals",".278","0.69","21.6 %","31.9 %","46.6 %","11.1 %","14.8 %","165","4251"
"Jonathan Lucroy","- - -",".322","0.96","24.2 %","37.2 %","38.7 %","13.8 %","15.8 %","544","7870"
"Wilson Ramos","Nationals",".327","2.15","20.4 %","54.3 %","25.3 %","5.8 %","21.4 %","523","1433"
"Carlos Gonzalez","Rockies",".346","1.42","21.3 %","46.2 %","32.5 %","8.1 %","16.9 %","632","7287"
"Anthony Recker","Braves",".343","0.64","21.7 %","30.4 %","47.8 %","9.1 %","6.1 %","112","4063"
"Ben Zobrist","Cubs",".290","1.57","21.6 %","48.0 %","30.5 %","8.2 %","13.4 %","631","7435"
"Joc Pederson","Dodgers",".296","1.00","20.6 %","39.7 %","39.7 %","11.1 %","23.1 %","476","11899"
"Carlos Beltran","- - -",".315","1.14","20.9 %","42.1 %","37.0 %","11.3 %","17.3 %","593","589"
"Mark Trumbo","Orioles",".278","0.92","17.4 %","39.5 %","43.1 %","12.6 %","24.6 %","667","6876"
"Dustin Pedroia","Red Sox",".339","1.83","24.2 %","49.0 %","26.8 %","8.6 %","9.9 %","698","8370"
"Tomas Telis","Marlins",".300","3.50","18.2 %","63.6 %","18.2 %","0.0 %","50.0 %","13","10067"
"Chris Herrmann","Diamondbacks",".364","1.15","17.3 %","44.2 %","38.5 %","0.0 %","15.0 %","166","9284"
"Andrew Benintendi","Red Sox",".367","0.94","25.0 %","36.3 %","38.8 %","9.7 %","6.5 %","118","17901"
"Ian Kinsler","Tigers",".314","0.71","23.9 %","31.6 %","44.5 %","8.5 %","12.5 %","679","6195"
"Jonathan Villar","Brewers",".373","2.31","20.3 %","55.6 %","24.1 %","11.3 %","19.6 %","679","10071"
"Jose Ramirez","Indians",".333","1.13","22.8 %","40.9 %","36.3 %","9.8 %","6.0 %","618","13510"
"Jose Bautista","Blue Jays",".255","0.95","18.8 %","39.5 %","41.7 %","17.8 %","16.3 %","517","1887"
"Jackie Bradley Jr.","Red Sox",".312","1.38","18.4 %","47.3 %","34.4 %","11.1 %","18.1 %","636","12984"
"Justin Turner","Dodgers",".293","0.90","23.9 %","36.1 %","40.0 %","6.6 %","14.8 %","622","5235"
"George Springer","Astros",".317","1.53","20.3 %","48.2 %","31.5 %","6.1 %","19.7 %","744","12856"
"Jake Lamb","Diamondbacks",".294","1.25","17.4 %","45.8 %","36.7 %","6.6 %","21.2 %","594","13329"
"Hyun Soo Kim","Orioles",".345","1.96","20.6 %","52.6 %","26.9 %","2.9 %","8.8 %","346","18718"
"Kennys Vargas","Twins",".291","0.78","14.6 %","37.5 %","47.9 %","6.5 %","21.7 %","177","12101"
"Ryan Kalish","Cubs",".286","4.00","28.6 %","57.1 %","14.3 %","0.0 %","0.0 %","10","6962"
"Cameron Maybin","Tigers",".383","2.60","21.7 %","56.5 %","21.7 %","5.0 %","6.7 %","391","5223"
"Brandon Guyer","- - -",".300","1.07","21.5 %","40.5 %","38.0 %","8.9 %","10.0 %","345","2636"
"Starling Marte","Pirates",".380","1.70","23.3 %","48.3 %","28.4 %","6.5 %","8.4 %","529","9241"
"Neil Walker","Mets",".302","0.82","21.3 %","35.4 %","43.3 %","9.9 %","16.2 %","458","7539"
"Victor Martinez","Tigers",".303","0.95","23.4 %","37.3 %","39.3 %","12.0 %","14.8 %","610","393"
"Luis Valbuena","Astros",".315","0.86","21.2 %","36.5 %","42.3 %","10.2 %","14.8 %","342","4969"
"Yasmani Grandal","Dodgers",".250","1.14","16.1 %","44.7 %","39.2 %","11.2 %","25.2 %","457","11368"
"Evan Longoria","Rays",".298","0.68","21.4 %","31.9 %","46.8 %","11.6 %","15.5 %","685","9368"
"Nicholas Castellanos","Tigers",".345","0.73","25.6 %","31.5 %","43.0 %","2.3 %","13.7 %","447","11737"
"Pedro Alvarez","Orioles",".282","1.30","16.5 %","47.1 %","36.4 %","15.9 %","25.0 %","376","2495"
"Khris Davis","Athletics",".270","1.06","17.0 %","42.7 %","40.2 %","5.1 %","26.6 %","610","9112"
"Carlos Correa","Astros",".328","1.83","22.4 %","50.1 %","27.4 %","6.6 %","16.5 %","660","14162"
"Jose Abreu","White Sox",".327","1.37","21.3 %","45.5 %","33.3 %","11.2 %","14.8 %","695","15676"
"Hunter Pence","Giants",".348","1.93","16.8 %","54.8 %","28.4 %","10.5 %","15.1 %","442","8252"
"Mark Reynolds","Rockies",".361","1.28","25.8 %","41.7 %","32.5 %","16.3 %","15.2 %","441","7619"
"Derek Dietrich","Marlins",".343","1.07","21.7 %","40.4 %","37.9 %","9.7 %","6.8 %","412","10542"
"Steve Selsky","Reds",".519","3.00","31.0 %","51.7 %","17.2 %","0.0 %","40.0 %","54","12957"
"Xander Bogaerts","Red Sox",".335","1.30","19.6 %","45.5 %","34.9 %","17.8 %","11.4 %","719","12161"
"Michael Saunders","Blue Jays",".321","1.11","22.5 %","40.7 %","36.8 %","6.5 %","19.5 %","558","9981"
"Jason Kipnis","Indians",".324","1.04","23.7 %","38.9 %","37.4 %","6.9 %","13.1 %","688","9776"
"Chris Carter","Brewers",".260","0.65","19.5 %","31.7 %","48.7 %","9.3 %","23.8 %","644","9911"
"T.J. Rivera","Mets",".360","1.26","23.9 %","42.4 %","33.7 %","12.9 %","9.7 %","113","12495"
"Hector Sanchez","- - -",".278","0.72","20.5 %","33.3 %","46.2 %","16.7 %","16.7 %","54","10289"
"Yangervis Solarte","Padres",".306","1.12","21.9 %","41.2 %","36.8 %","12.7 %","11.9 %","443","5352"
"Asdrubal Cabrera","Mets",".310","0.95","22.9 %","37.4 %","39.6 %","6.7 %","14.0 %","568","4962"
"Stephen Piscotty","Cardinals",".319","1.20","20.2 %","43.6 %","36.2 %","9.2 %","13.5 %","649","13367"
"Evan Gattis","Astros",".273","1.00","17.9 %","41.0 %","41.0 %","11.3 %","24.1 %","499","11003"
"Yasmany Tomas","Diamondbacks",".310","1.52","21.0 %","47.6 %","31.4 %","4.0 %","25.0 %","563","17171"
"Geovany Soto","Angels",".321","1.17","31.6 %","36.8 %","31.6 %","0.0 %","22.2 %","86","3707"
"Drew Butera","Royals",".373","1.03","22.1 %","39.5 %","38.4 %","9.1 %","12.1 %","133","3411"
"Elvis Andrus","Rangers",".333","1.67","23.8 %","47.7 %","28.5 %","7.1 %","6.3 %","568","8709"
"Giancarlo Stanton","Marlins",".290","0.92","16.7 %","40.0 %","43.3 %","11.8 %","22.7 %","470","4949"
"David Wright","Mets",".320","0.48","28.0 %","23.2 %","48.8 %","7.5 %","17.5 %","164","3787"
"Adam Eaton","White Sox",".329","2.08","20.5 %","53.7 %","25.8 %","5.5 %","11.0 %","706","11205"
"Justin Bour","Marlins",".278","1.27","21.7 %","43.8 %","34.5 %","6.4 %","19.2 %","321","9744"
"Domingo Santana","Brewers",".359","1.73","30.1 %","44.2 %","25.6 %","5.0 %","27.5 %","281","10348"
"Bryce Harper","Nationals",".264","0.95","17.2 %","40.4 %","42.4 %","8.9 %","14.3 %","627","11579"
"Keon Broxton","Brewers",".373","1.49","25.0 %","44.8 %","30.2 %","2.9 %","25.7 %","244","9253"
"Mike Napoli","Indians",".296","0.81","18.5 %","36.4 %","45.1 %","14.5 %","20.5 %","645","3057"
"Anthony Rendon","Nationals",".304","0.82","20.6 %","35.7 %","43.8 %","12.5 %","10.0 %","647","12861"
"Melky Cabrera","White Sox",".314","1.23","21.9 %","43.2 %","35.0 %","9.8 %","7.6 %","646","4022"
"Danny Valencia","Athletics",".346","1.41","23.2 %","45.0 %","31.8 %","14.0 %","14.9 %","517","6364"
"Yadier Molina","Cardinals",".335","1.63","21.9 %","48.4 %","29.7 %","5.0 %","5.7 %","581","7007"
"Tommy Joseph","Phillies",".267","0.82","17.9 %","37.0 %","45.1 %","13.5 %","18.9 %","347","10349"
"Wil Myers","Padres",".305","1.32","21.4 %","44.7 %","33.9 %","6.0 %","18.7 %","676","10047"
"Buster Posey","Giants",".303","1.63","21.5 %","48.6 %","29.9 %","4.9 %","9.8 %","614","9166"
"Francisco Lindor","Indians",".324","1.74","22.4 %","49.2 %","28.4 %","5.3 %","9.9 %","684","12916"
"Kole Calhoun","Angels",".309","0.95","22.1 %","38.0 %","39.9 %","6.8 %","9.4 %","672","11200"
"Chris Davis","Orioles",".279","0.84","19.8 %","36.5 %","43.7 %","5.9 %","25.0 %","665","9272"
"Adam Rosales","Padres",".308","0.80","16.9 %","36.9 %","46.2 %","8.3 %","21.7 %","248","9682"
"Jay Bruce","- - -",".266","0.91","21.9 %","37.1 %","41.0 %","5.9 %","19.4 %","589","9892"
"Josh Bell","Pirates",".294","1.75","21.4 %","50.0 %","28.6 %","9.4 %","9.4 %","152","13145"
"Curtis Granderson","Mets",".254","0.86","21.5 %","36.4 %","42.1 %","4.5 %","17.0 %","633","4747"
"Mike Moustakas","Royals",".214","1.06","18.7 %","41.8 %","39.6 %","11.1 %","19.4 %","113","4892"
"Jedd Gyorko","Cardinals",".244","1.01","19.0 %","40.7 %","40.3 %","5.7 %","24.4 %","438","10816"
"Kendrys Morales","Royals",".283","1.24","20.1 %","44.2 %","35.7 %","6.3 %","19.0 %","618","8610"
"Tyler Flowers","Braves",".366","1.08","18.6 %","42.3 %","39.2 %","5.3 %","10.5 %","325","9134"
"Greg Garcia","Cardinals",".346","2.08","25.5 %","50.3 %","24.2 %","0.0 %","7.7 %","257","10951"
"Robinson Chirinos","Rangers",".250","0.89","14.4 %","40.4 %","45.2 %","10.6 %","19.1 %","170","3142"
"Mike Zunino","Mariners",".250","0.56","18.2 %","29.3 %","52.5 %","11.5 %","23.1 %","192","13265"
"Odubel Herrera","Phillies",".349","1.45","21.6 %","46.4 %","32.0 %","9.9 %","10.6 %","656","11476"
"Devon Travis","Blue Jays",".358","1.35","19.2 %","46.4 %","34.4 %","9.9 %","9.9 %","432","13862"
"C.J. Cron","Angels",".302","1.05","19.6 %","41.2 %","39.2 %","14.4 %","12.1 %","445","12546"
"Andrew Susac","Brewers",".273","0.33","33.3 %","16.7 %","50.0 %","33.3 %","16.7 %","19","13132"
"Wilmer Flores","Mets",".268","0.74","21.8 %","33.2 %","45.0 %","11.9 %","13.6 %","335","5827"
"Alex Dickerson","Padres",".274","0.92","22.4 %","37.1 %","40.5 %","10.6 %","11.8 %","285","12649"
"Rougned Odor","Rangers",".297","0.95","17.6 %","40.2 %","42.2 %","8.2 %","17.0 %","632","12282"
"Logan Forsythe","Rays",".314","1.19","22.8 %","42.0 %","35.2 %","8.1 %","14.7 %","567","7185"
"Ian Desmond","Rangers",".350","2.06","20.6 %","53.4 %","26.0 %","9.1 %","18.2 %","677","6885"
"Franklin Gutierrez","Mariners",".309","1.57","18.1 %","50.0 %","31.9 %","7.5 %","26.4 %","283","3255"
"Alex Bregman","Astros",".317","0.67","28.2 %","28.9 %","43.0 %","12.5 %","12.5 %","217","17678"
"Jefry Marte","Angels",".267","1.18","14.9 %","46.0 %","39.1 %","15.2 %","19.0 %","284","5107"
"Martin Prado","Marlins",".331","1.72","24.9 %","47.5 %","27.7 %","4.1 %","5.4 %","658","3312"
"John Jaso","Pirates",".314","1.93","20.8 %","52.1 %","27.0 %","6.0 %","9.6 %","432","5887"
"Matt Holliday","Cardinals",".253","1.39","14.1 %","50.0 %","35.9 %","8.0 %","17.9 %","426","1873"
"Brandon Drury","Diamondbacks",".327","1.69","20.3 %","50.1 %","29.6 %","10.2 %","14.8 %","499","11615"
"Rickie Weeks Jr.","Diamondbacks",".288","1.21","18.1 %","44.9 %","37.0 %","10.6 %","19.1 %","205","1849"
"Cesar Hernandez","Phillies",".363","2.65","24.4 %","54.9 %","20.7 %","7.1 %","7.1 %","622","10556"
"Adam Frazier","Pirates",".353","1.89","33.1 %","43.8 %","23.1 %","3.6 %","7.1 %","160","15223"
"Adrian Gonzalez","Dodgers",".328","1.68","26.4 %","46.2 %","27.5 %","4.8 %","14.4 %","633","1908"
"Shin-Soo Choo","Rangers",".288","1.53","22.3 %","46.9 %","30.8 %","2.5 %","17.5 %","210","3174"
"David Freese","Pirates",".372","2.98","19.0 %","60.7 %","20.3 %","3.3 %","21.7 %","492","9549"
"Dansby Swanson","Braves",".383","1.50","22.7 %","46.4 %","30.9 %","3.3 %","10.0 %","145","18314"
"Miguel Sano","Twins",".329","0.74","20.2 %","34.0 %","45.8 %","4.2 %","20.8 %","495","12164"
"Matt Kemp","- - -",".297","1.01","20.5 %","39.9 %","39.7 %","4.7 %","18.4 %","672","5631"
"J.T. Realmuto","Marlins",".357","1.62","20.4 %","49.3 %","30.3 %","16.0 %","8.8 %","545","11739"
"Tommy La Stella","Cubs",".319","0.98","28.1 %","35.5 %","36.4 %","9.1 %","4.5 %","169","12371"
"Brad Miller","Rays",".277","1.22","18.5 %","44.8 %","36.8 %","9.5 %","20.4 %","601","12775"
"Jorge Soler","Cubs",".276","0.92","17.1 %","39.6 %","43.3 %","14.1 %","16.9 %","264","14221"
"Adam Duvall","Reds",".275","0.72","19.4 %","33.8 %","46.7 %","8.1 %","17.8 %","608","10950"
"Jarrett Parker","Giants",".321","1.87","19.5 %","52.4 %","28.0 %","4.3 %","21.7 %","151","11624"
"Daniel Descalso","Rockies",".305","1.37","24.0 %","43.9 %","32.1 %","4.8 %","12.7 %","289","8392"
"Gregory Polanco","Pirates",".291","1.05","24.0 %","38.8 %","37.1 %","11.1 %","14.4 %","587","12907"
"Nick Franklin","Rays",".325","0.88","18.3 %","38.2 %","43.5 %","8.8 %","10.5 %","191","10166"
"Jose Peraza","Reds",".361","1.50","27.5 %","43.5 %","29.0 %","6.7 %","5.0 %","256","13593"
"Albert Pujols","Angels",".260","1.11","16.6 %","43.9 %","39.5 %","9.2 %","15.0 %","650","1177"
"Steven Moya","Tigers",".365","1.10","26.3 %","38.6 %","35.1 %","5.0 %","25.0 %","100","11854"
"Seth Smith","Mariners",".282","1.57","21.6 %","47.9 %","30.5 %","12.4 %","18.0 %","438","7331"
"Matt Adams","Cardinals",".286","0.66","19.8 %","31.8 %","48.4 %","6.7 %","15.2 %","327","9393"
"Marcell Ozuna","Marlins",".296","1.20","19.5 %","43.9 %","36.5 %","9.2 %","14.1 %","608","10324"
"Tommy Pham","Cardinals",".342","1.54","25.0 %","45.5 %","29.5 %","0.0 %","34.6 %","183","2967"
"Justin Upton","Tigers",".301","0.90","18.3 %","38.7 %","43.0 %","11.2 %","18.3 %","626","5222"
"Jose Reyes","Mets",".302","0.81","21.8 %","35.0 %","43.2 %","18.0 %","9.0 %","279","1736"
"Brandon Moss","Cardinals",".261","0.51","20.4 %","27.0 %","52.6 %","8.3 %","19.4 %","464","4467"
"Alex Avila","White Sox",".341","2.29","25.0 %","52.2 %","22.8 %","4.8 %","33.3 %","209","7476"
"Andrew McCutchen","Pirates",".297","0.86","22.5 %","35.8 %","41.7 %","12.6 %","12.6 %","675","9847"
"Marlon Byrd","Indians",".347","0.71","25.0 %","31.3 %","43.8 %","2.9 %","14.3 %","129","950"
"Scott Schebler","Reds",".312","1.81","18.4 %","52.6 %","29.1 %","8.8 %","15.8 %","282","12225"
"Jayson Werth","Nationals",".288","0.99","17.3 %","41.1 %","41.6 %","9.2 %","12.9 %","606","1327"
"Joe Mauer","Twins",".301","2.43","26.8 %","51.9 %","21.3 %","0.0 %","12.8 %","576","1857"
"Brandon Crawford","Giants",".322","1.18","21.3 %","42.6 %","36.1 %","11.9 %","7.5 %","623","5343"
"Lonnie Chisenhall","Indians",".328","0.85","23.9 %","34.9 %","41.2 %","11.5 %","6.1 %","418","7571"
"Yunel Escobar","Angels",".339","2.80","21.2 %","58.1 %","20.8 %","5.3 %","5.3 %","567","4191"
"Troy Tulowitzki","Blue Jays",".272","1.01","19.2 %","40.5 %","40.3 %","11.9 %","15.1 %","544","3531"
"Manny Pina","Brewers",".296","0.74","16.1 %","35.7 %","48.2 %","11.1 %","7.4 %","81","2829"
"Eric Hosmer","Royals",".301","2.38","16.5 %","58.9 %","24.7 %","6.0 %","21.4 %","667","3516"
"Brian McCann","Yankees",".269","0.78","21.5 %","34.4 %","44.1 %","9.6 %","13.7 %","492","4810"
"Todd Frazier","White Sox",".236","0.73","15.7 %","35.6 %","48.7 %","18.5 %","19.0 %","666","785"
"Jorge Polanco","Twins",".328","0.89","30.3 %","32.8 %","36.8 %","2.7 %","5.4 %","270","13152"
"David Ross","Cubs",".262","0.78","23.7 %","33.3 %","43.0 %","6.1 %","20.4 %","205","1551"
"Albert Almora Jr.","Cubs",".315","1.50","27.8 %","43.3 %","28.9 %","3.8 %","11.5 %","117","14109"
"Randal Grichuk","Cardinals",".294","0.93","15.7 %","40.5 %","43.8 %","10.4 %","17.9 %","478","10243"
"Wilmer Difo","Nationals",".333","2.70","19.6 %","58.7 %","21.7 %","0.0 %","10.0 %","66","14320"
"Nori Aoki","Mariners",".309","2.75","17.2 %","60.8 %","22.1 %","12.3 %","4.9 %","467","13075"
"Tyler Austin","Yankees",".357","1.05","17.0 %","42.6 %","40.4 %","10.5 %","26.3 %","90","11850"
"Gorkys Hernandez","Giants",".293","0.94","19.5 %","39.0 %","41.5 %","0.0 %","11.8 %","57","4146"
"Billy Butler","- - -",".320","1.46","28.9 %","42.2 %","28.9 %","3.3 %","8.2 %","274","7399"
"Jeremy Hazelbaker","Cardinals",".278","1.40","14.8 %","49.6 %","35.6 %","6.3 %","25.0 %","224","9399"
"Marco Hernandez","Red Sox",".350","3.25","17.1 %","63.4 %","19.5 %","12.5 %","12.5 %","56","13154"
"Angel Pagan","Giants",".298","1.32","25.1 %","42.6 %","32.3 %","9.4 %","8.6 %","543","2918"
"Eduardo Nunez","- - -",".314","1.46","16.6 %","49.6 %","33.8 %","12.7 %","10.2 %","595","6848"
"Josh Reddick","- - -",".306","1.12","21.8 %","41.3 %","36.9 %","5.6 %","8.0 %","439","3892"
"Nick Hundley","Rockies",".302","1.26","17.8 %","45.8 %","36.4 %","3.7 %","12.2 %","317","3376"
"Kevin Kiermaier","Rays",".278","1.11","20.6 %","41.8 %","37.6 %","25.0 %","11.1 %","414","11038"
"Josh Rutledge","Red Sox",".433","2.00","10.0 %","60.0 %","30.0 %","11.1 %","0.0 %","56","11167"
"Roman Quinn","Phillies",".395","2.63","21.6 %","56.8 %","21.6 %","0.0 %","0.0 %","69","13546"
"Ramiro Pena","Giants",".357","1.07","15.5 %","43.7 %","40.8 %","27.6 %","3.4 %","91","8841"
"Lorenzo Cain","Royals",".341","1.58","22.7 %","47.3 %","30.0 %","8.4 %","9.5 %","434","9077"
"Russell Martin","Blue Jays",".291","1.31","17.9 %","46.5 %","35.6 %","13.5 %","18.0 %","535","4616"
"Cameron Rupp","Phillies",".315","1.40","17.4 %","48.2 %","34.4 %","5.3 %","16.8 %","419","11146"
"Carlos Ruiz","- - -",".303","1.40","21.4 %","45.8 %","32.7 %","7.3 %","5.5 %","233","2579"
"Nick Markakis","Braves",".300","1.22","21.9 %","43.0 %","35.1 %","6.7 %","7.3 %","684","5930"
"Blake Swihart","Red Sox",".348","1.40","21.7 %","45.7 %","32.6 %","0.0 %","0.0 %","74","13176"
"Richie Shaffer","Rays",".367","1.08","12.9 %","45.2 %","41.9 %","15.4 %","7.7 %","54","13271"
"Bruce Maxwell","Athletics",".368","1.89","20.3 %","52.2 %","27.5 %","5.3 %","5.3 %","101","13866"
"Ichiro Suzuki","Marlins",".329","2.00","27.6 %","48.3 %","24.1 %","11.6 %","1.4 %","365","1101"
"Yasiel Puig","Dodgers",".306","1.38","16.4 %","48.5 %","35.1 %","22.8 %","12.0 %","368","14225"
"Jonathan Schoop","Orioles",".305","1.30","19.8 %","45.3 %","34.9 %","14.3 %","14.9 %","647","11265"
"Brian Goodwin","Nationals",".429","2.29","14.8 %","59.3 %","25.9 %","0.0 %","0.0 %","44","12858"
"Hernan Iribarren","Reds",".412","11.50","26.5 %","67.6 %","5.9 %","0.0 %","0.0 %","45","4177"
"Welington Castillo","Diamondbacks",".337","1.28","25.4 %","41.8 %","32.8 %","9.2 %","14.3 %","457","3256"
"Jon Jay","Padres",".371","2.61","24.1 %","54.9 %","21.1 %","5.4 %","3.6 %","373","5227"
"Ender Inciarte","Braves",".329","1.84","23.7 %","49.4 %","26.8 %","15.7 %","2.5 %","578","4922"
"Didi Gregorius","Yankees",".290","0.99","19.6 %","40.1 %","40.3 %","10.9 %","10.4 %","597","6012"
"Corey Dickerson","Rays",".285","0.84","17.5 %","37.6 %","45.0 %","11.2 %","14.1 %","548","10762"
"Adam Jones","Orioles",".280","1.06","16.5 %","42.9 %","40.6 %","8.3 %","14.1 %","672","6368"
"Francisco Cervelli","Pirates",".329","2.32","19.8 %","56.0 %","24.1 %","1.6 %","1.6 %","393","5275"
"Nomar Mazara","Rangers",".299","1.65","21.4 %","48.9 %","29.7 %","8.2 %","16.4 %","568","14553"
"Dae-Ho Lee","Mariners",".294","2.09","22.0 %","52.8 %","25.2 %","3.6 %","25.5 %","317","18722"
"Trayce Thompson","Dodgers",".255","1.63","16.5 %","51.8 %","31.8 %","9.3 %","24.1 %","262","9952"
"Logan Morrison","Rays",".278","1.27","21.1 %","44.2 %","34.7 %","10.9 %","15.2 %","398","9205"
"Mac Williamson","Giants",".268","2.05","16.9 %","55.8 %","27.3 %","14.3 %","28.6 %","127","14158"
"Brett Gardner","Yankees",".310","1.93","20.7 %","52.3 %","27.0 %","10.1 %","5.9 %","634","9927"
"Ryan Rua","Rangers",".342","1.83","19.4 %","52.1 %","28.5 %","12.8 %","17.0 %","269","12409"
"Paulo Orlando","Royals",".380","2.03","21.8 %","52.4 %","25.8 %","10.0 %","5.6 %","484","8628"
"Jace Peterson","Braves",".296","2.42","18.5 %","57.7 %","23.8 %","0.0 %","10.4 %","408","12325"
"Addison Russell","Cubs",".277","1.09","21.1 %","41.2 %","37.7 %","15.5 %","14.2 %","598","14106"
"Eugenio Suarez","Reds",".304","1.07","21.6 %","40.5 %","37.9 %","7.7 %","13.5 %","627","12552"
"Jarrod Dyson","Royals",".315","2.32","20.1 %","55.8 %","24.1 %","15.0 %","1.7 %","337","4866"
"Cheslor Cuthbert","Royals",".320","1.34","17.1 %","47.5 %","35.4 %","17.8 %","8.9 %","510","10473"
"Javier Baez","Cubs",".336","1.21","19.5 %","44.0 %","36.4 %","10.9 %","12.7 %","450","12979"
"A.J. Pollock","Diamondbacks",".258","0.88","9.1 %","42.4 %","48.5 %","6.3 %","12.5 %","46","9256"
"Tim Anderson","White Sox",".375","2.18","20.8 %","54.3 %","24.9 %","11.0 %","12.3 %","431","15172"
"Marcus Semien","Athletics",".268","0.92","17.7 %","39.4 %","42.9 %","6.5 %","14.7 %","621","12533"
"Rey Fuentes","Royals",".394","2.83","28.1 %","53.1 %","18.8 %","33.3 %","0.0 %","44","10329"
"Brandon Phillips","Reds",".312","1.42","21.4 %","46.2 %","32.4 %","8.9 %","7.0 %","584","791"
"Chris Heisey","Nationals",".241","0.62","19.1 %","30.9 %","50.0 %","19.1 %","19.1 %","155","3978"
"Scooter Gennett","Brewers",".315","1.29","20.8 %","44.7 %","34.5 %","6.8 %","10.5 %","542","10339"
"Tim Beckham","Rays",".349","1.28","17.7 %","46.2 %","36.2 %","12.8 %","10.6 %","215","7949"
"Conor Gillaspie","Giants",".278","1.00","23.2 %","38.4 %","38.4 %","11.1 %","9.5 %","205","9009"
"Kelby Tomlinson","Giants",".352","2.53","28.6 %","51.2 %","20.2 %","23.5 %","0.0 %","120","13005"
"Andres Blanco","Phillies",".301","1.79","19.5 %","51.7 %","28.9 %","11.6 %","9.3 %","209","1907"
"Max Kepler","Twins",".261","1.29","16.3 %","47.2 %","36.5 %","8.0 %","15.2 %","447","12144"
"Starlin Castro","Yankees",".305","1.63","20.7 %","49.1 %","30.2 %","9.3 %","15.0 %","610","4579"
"Tyler Saladino","White Sox",".329","1.78","19.9 %","51.3 %","28.8 %","7.4 %","11.8 %","319","10807"
"Kirk Nieuwenhuis","Brewers",".302","1.37","19.7 %","46.5 %","33.8 %","6.0 %","19.4 %","392","6400"
"Aaron Hill","- - -",".284","0.90","21.7 %","37.2 %","41.2 %","6.0 %","7.5 %","429","6104"
"Zack Cozart","Reds",".274","0.99","20.6 %","39.4 %","39.9 %","13.1 %","10.5 %","508","2616"
"Tony Wolters","Rockies",".336","1.64","23.4 %","47.6 %","29.0 %","4.8 %","7.1 %","230","11470"
"Chase Utley","Dodgers",".299","1.31","22.3 %","44.1 %","33.7 %","9.0 %","10.5 %","565","1679"
"Hernan Perez","Brewers",".322","1.20","20.4 %","43.5 %","36.1 %","5.3 %","11.5 %","430","5751"
"Michael Conforto","Mets",".267","0.81","18.8 %","36.2 %","45.0 %","10.2 %","12.2 %","348","16376"
"Denard Span","Giants",".291","2.13","22.6 %","52.7 %","24.7 %","8.3 %","9.2 %","637","8347"
"Maikel Franco","Phillies",".271","1.25","20.0 %","44.5 %","35.5 %","17.1 %","14.7 %","630","12179"
"Brett Lawrie","White Sox",".325","0.90","19.3 %","38.3 %","42.4 %","16.5 %","11.7 %","384","5247"
"Ty Kelly","Mets",".260","0.88","11.8 %","41.2 %","47.1 %","4.2 %","4.2 %","71","7740"
"Justin Morneau","White Sox",".320","1.62","19.6 %","49.7 %","30.7 %","12.8 %","12.8 %","218","1737"
"Chris Owings","Diamondbacks",".334","1.83","23.1 %","49.7 %","27.2 %","7.4 %","5.3 %","466","10030"
"Chase Headley","Yankees",".303","1.38","23.8 %","44.2 %","32.0 %","6.2 %","12.4 %","529","4720"
"Trevor Plouffe","Twins",".284","1.11","19.9 %","42.1 %","37.9 %","12.1 %","12.1 %","344","7462"
"Pat Valaika","Rockies",".400","1.50","9.1 %","54.5 %","36.4 %","0.0 %","25.0 %","19","14885"
"Travis Shaw","Red Sox",".299","0.81","19.1 %","36.3 %","44.6 %","9.6 %","10.3 %","530","11982"
"Whit Merrifield","Royals",".361","1.50","25.5 %","44.7 %","29.8 %","1.4 %","2.9 %","332","11281"
"Justin Smoak","Blue Jays",".295","0.72","27.3 %","30.5 %","42.2 %","7.6 %","17.7 %","341","9054"
"Ryan Raburn","Rockies",".292","1.20","15.8 %","45.9 %","38.4 %","10.7 %","16.1 %","256","2218"
"Jacoby Ellsbury","Yankees",".295","1.50","22.8 %","46.4 %","30.9 %","13.8 %","6.2 %","626","4727"
"Steven Souza Jr.","Rays",".348","1.20","24.9 %","40.9 %","34.2 %","9.8 %","18.5 %","468","5667"
"Brock Holt","Red Sox",".294","2.51","23.8 %","54.5 %","21.7 %","5.9 %","13.7 %","324","9345"
"Adonis Garcia","Braves",".308","1.97","21.0 %","52.4 %","26.7 %","10.3 %","12.0 %","563","13777"
"Teoscar Hernandez","Astros",".275","1.21","12.3 %","47.9 %","39.7 %","6.9 %","13.8 %","112","13066"
"David Peralta","Diamondbacks",".310","1.78","20.8 %","50.8 %","28.5 %","13.5 %","10.8 %","183","2136"
"Jhonny Peralta","Cardinals",".294","1.16","24.2 %","40.7 %","35.2 %","4.8 %","9.6 %","313","1738"
"Salvador Perez","Royals",".280","0.73","18.4 %","34.5 %","47.1 %","15.5 %","11.8 %","546","7304"
"Mitch Moreland","Rangers",".266","1.11","21.1 %","41.5 %","37.4 %","10.9 %","17.2 %","503","3086"
"J.J. Hardy","Orioles",".299","1.26","18.4 %","45.5 %","36.2 %","15.3 %","7.3 %","438","3797"
"Matt Wieters","Orioles",".265","0.92","24.2 %","36.3 %","39.5 %","12.7 %","12.7 %","464","4298"
"Juan Centeno","Twins",".319","2.13","25.4 %","50.7 %","23.9 %","3.1 %","9.4 %","192","7168"
"Matt Szczur","Cubs",".305","1.13","19.6 %","42.7 %","37.8 %","11.1 %","9.3 %","200","11255"
"Stephen Vogt","Athletics",".275","0.65","23.2 %","30.3 %","46.5 %","10.5 %","7.4 %","532","5000"
"Joey Rickard","Orioles",".320","1.14","21.0 %","42.0 %","37.0 %","6.8 %","6.8 %","282","13277"
"Omar Narvaez","White Sox",".295","1.29","28.1 %","40.4 %","31.5 %","14.3 %","3.6 %","117","13338"
"Adam Lind","Mariners",".259","1.22","20.1 %","43.9 %","36.0 %","9.7 %","17.7 %","430","8027"
"Kyle Jensen","Diamondbacks",".250","0.33","33.3 %","16.7 %","50.0 %","0.0 %","22.2 %","34","7706"
"Lucas Duda","Mets",".250","0.94","23.5 %","37.0 %","39.5 %","6.4 %","14.9 %","172","2502"
"Eddie Rosario","Twins",".338","1.35","19.3 %","46.3 %","34.4 %","7.1 %","11.9 %","354","12155"
"Byron Buxton","Twins",".329","0.81","21.6 %","35.1 %","43.3 %","13.5 %","13.5 %","331","14161"
"Jordy Mercer","Pirates",".286","1.53","19.7 %","48.5 %","31.8 %","12.2 %","7.9 %","584","6547"
"Howie Kendrick","Dodgers",".301","3.10","19.4 %","61.0 %","19.6 %","0.0 %","10.4 %","543","4229"
"Guillermo Heredia","Mariners",".289","1.57","20.3 %","48.6 %","31.1 %","4.3 %","4.3 %","107","18721"
"Mitch Haniger","Diamondbacks",".256","0.89","18.1 %","38.6 %","43.4 %","5.6 %","13.9 %","123","14274"
"Kurt Suzuki","Twins",".276","1.04","21.3 %","40.2 %","38.5 %","10.5 %","7.0 %","373","8259"
"Juan Graterol","Angels",".364","2.33","9.1 %","63.6 %","27.3 %","0.0 %","0.0 %","15","5398"
"Darwin Barney","Blue Jays",".310","1.57","22.4 %","47.4 %","30.2 %","14.3 %","5.7 %","306","2430"
"Alex Gordon","Royals",".288","1.00","24.2 %","37.9 %","37.9 %","5.3 %","15.0 %","506","5209"
"Phil Gosselin","Diamondbacks",".339","1.96","21.4 %","52.0 %","26.6 %","8.7 %","4.3 %","240","10953"
"Donovan Solano","Yankees",".222","1.25","5.3 %","52.6 %","42.1 %","12.5 %","12.5 %","23","8623"
"James Loney","Mets",".275","1.21","23.8 %","41.7 %","34.5 %","8.5 %","8.5 %","366","4556"
"Rajai Davis","Indians",".299","1.25","19.0 %","45.0 %","36.0 %","10.4 %","9.6 %","495","3708"
"Avisail Garcia","White Sox",".309","2.36","21.7 %","55.0 %","23.3 %","7.1 %","17.1 %","453","5760"
"Andrelton Simmons","Angels",".298","2.14","19.5 %","54.9 %","25.6 %","7.6 %","3.8 %","483","10847"
"Coco Crisp","- - -",".252","1.05","21.9 %","40.0 %","38.1 %","4.3 %","9.4 %","498","1572"
"Kelly Johnson","- - -",".281","1.50","20.8 %","47.5 %","31.7 %","9.2 %","13.2 %","333","2234"
"Jose Lobaton","Nationals",".253","1.41","20.7 %","46.3 %","32.9 %","3.7 %","11.1 %","114","4243"
"Ezequiel Carrera","Blue Jays",".311","2.25","16.6 %","57.8 %","25.7 %","10.4 %","12.5 %","310","9048"
"Jason Castro","Astros",".297","1.35","20.2 %","45.8 %","34.0 %","1.4 %","15.9 %","376","8722"
"Josh Harrison","Pirates",".323","1.22","19.5 %","44.3 %","36.3 %","5.4 %","2.7 %","522","8202"
"Bryce Brentz","Red Sox",".372","3.11","15.9 %","63.6 %","20.5 %","11.1 %","11.1 %","64","10607"
"Logan Schafer","Twins",".319","1.27","24.4 %","42.2 %","33.3 %","20.0 %","0.0 %","74","7937"
"Drew Stubbs","- - -",".375","1.77","14.3 %","54.8 %","31.0 %","0.0 %","23.1 %","94","9328"
"Tucker Barnhart","Reds",".299","1.73","24.9 %","47.5 %","27.5 %","3.6 %","8.3 %","420","10200"
"Joe Panik","Giants",".245","1.23","17.5 %","45.5 %","37.0 %","9.6 %","6.4 %","526","11936"
"Josh Phegley","Athletics",".292","0.96","19.7 %","39.4 %","40.9 %","11.1 %","3.7 %","86","9308"
"Kolten Wong","Cardinals",".268","1.35","19.9 %","46.0 %","34.1 %","6.7 %","5.6 %","361","12532"
"Mallex Smith","Braves",".302","2.68","16.3 %","61.0 %","22.8 %","3.6 %","10.7 %","215","13608"
"Brandon Nimmo","Mets",".365","1.47","30.2 %","41.5 %","28.3 %","0.0 %","6.7 %","80","12927"
"Tyler Collins","Tigers",".295","1.05","19.2 %","41.4 %","39.4 %","10.3 %","10.3 %","151","12723"
"Erik Gonzalez","Indians",".625","6.00","12.5 %","75.0 %","12.5 %","100.0 %","0.0 %","17","13369"
"Yonder Alonso","Athletics",".284","1.32","22.5 %","44.1 %","33.3 %","7.4 %","5.1 %","532","2530"
"Miguel Montero","Cubs",".249","1.51","16.8 %","50.0 %","33.2 %","3.3 %","13.1 %","284","3364"
"Michael Bourn","- - -",".336","1.97","22.4 %","51.5 %","26.1 %","7.0 %","7.0 %","413","6387"
"Marwin Gonzalez","Astros",".311","1.48","20.6 %","47.4 %","32.0 %","8.0 %","11.6 %","518","5497"
"Leonys Martin","Mariners",".313","1.17","19.9 %","43.2 %","36.8 %","11.3 %","11.3 %","576","11846"
"Ryan Howard","Phillies",".205","0.81","22.7 %","34.5 %","42.7 %","2.1 %","26.6 %","362","2154"
"Melvin Upton Jr.","- - -",".300","1.43","17.6 %","48.5 %","33.8 %","6.1 %","17.4 %","539","5015"
"Ehire Adrianza","Giants",".292","1.05","20.4 %","40.8 %","38.8 %","15.8 %","10.5 %","71","8418"
"Carlos Gomez","- - -",".313","1.27","21.0 %","44.3 %","34.7 %","14.3 %","14.3 %","453","4881"
"Jurickson Profar","Rangers",".291","1.85","19.0 %","52.6 %","28.4 %","13.3 %","8.3 %","307","10815"
"Kevin Pillar","Blue Jays",".306","1.34","20.5 %","45.6 %","33.9 %","15.6 %","4.5 %","584","12434"
"Ronald Torreyes","Yankees",".289","2.14","19.7 %","54.7 %","25.5 %","14.3 %","2.9 %","168","11400"
"Abraham Almonte","Indians",".331","1.56","21.4 %","47.9 %","30.7 %","9.3 %","2.3 %","194","5486"
"Byung-ho Park","Twins",".230","0.98","16.7 %","41.3 %","42.0 %","10.3 %","20.7 %","244","18497"
"Billy Hamilton","Reds",".329","1.57","21.9 %","47.7 %","30.5 %","9.8 %","3.3 %","460","10199"
"Juan Lagares","Mets",".274","1.20","22.4 %","42.2 %","35.3 %","12.2 %","7.3 %","160","5384"
"Danny Espinosa","Nationals",".261","0.90","18.2 %","38.8 %","43.1 %","12.1 %","17.1 %","601","9219"
"Martin Maldonado","Brewers",".234","1.18","17.9 %","44.4 %","37.7 %","3.5 %","14.0 %","253","6887"
"Jake Elmore","Brewers",".279","2.77","16.9 %","61.0 %","22.0 %","7.7 %","0.0 %","99","7290"
"Eric Fryer","- - -",".333","2.04","23.9 %","51.1 %","25.0 %","8.7 %","0.0 %","133","8145"
"Travis Jankowski","Padres",".343","3.76","26.0 %","58.4 %","15.5 %","2.9 %","5.9 %","383","13768"
"Matt Duffy","- - -",".290","1.75","21.5 %","50.0 %","28.5 %","2.5 %","6.2 %","366","13836"
"David Lough","Phillies",".267","1.04","16.9 %","42.4 %","40.7 %","16.7 %","0.0 %","79","7215"
"Yuli Gurriel","Astros",".267","1.11","20.2 %","42.0 %","37.8 %","11.1 %","6.7 %","137","19198"
"Nolan Reimold","Orioles",".287","1.28","19.7 %","45.1 %","35.2 %","22.0 %","12.0 %","227","3441"
"Rob Segedin","Dodgers",".294","1.75","17.0 %","52.8 %","30.2 %","6.3 %","12.5 %","83","11446"
"Austin Jackson","White Sox",".319","1.15","30.3 %","37.3 %","32.4 %","4.3 %","0.0 %","203","9848"
"Peter Bourjos","Phillies",".323","1.59","17.0 %","51.0 %","32.0 %","15.7 %","6.0 %","383","2578"
"Matt Reynolds","Mets",".327","2.50","23.6 %","54.5 %","21.8 %","8.3 %","25.0 %","96","13788"
"Jeff Francoeur","- - -",".333","1.49","18.6 %","48.6 %","32.7 %","8.3 %","9.7 %","331","4792"
"Grant Green","Giants",".289","1.23","25.6 %","41.0 %","33.3 %","15.4 %","7.7 %","50","10053"
"Cory Spangenberg","Padres",".294","4.40","15.6 %","68.8 %","15.6 %","20.0 %","20.0 %","53","12294"
"Jett Bandy","Angels",".246","0.53","20.6 %","27.4 %","52.0 %","14.3 %","8.8 %","231","12508"
"Mason Williams","Yankees",".533","2.50","53.3 %","33.3 %","13.3 %","0.0 %","0.0 %","29","11859"
"Charlie Culberson","Dodgers",".340","1.33","20.8 %","45.3 %","34.0 %","5.6 %","5.6 %","68","3298"
"Chase d'Arnaud","Braves",".303","1.19","23.5 %","41.5 %","35.0 %","10.9 %","1.6 %","262","6652"
"Tyler White","Astros",".258","1.10","17.7 %","43.0 %","39.2 %","15.1 %","11.0 %","276","15564"
"Mark Teixeira","Yankees",".238","1.23","21.5 %","43.3 %","35.2 %","12.0 %","15.0 %","438","1281"
"Dustin Garneau","Rockies",".326","0.64","21.7 %","30.4 %","47.8 %","9.1 %","4.5 %","75","9433"
"Junior Lake","Blue Jays",".261","7.00","33.3 %","58.3 %","8.3 %","0.0 %","50.0 %","39","4672"
"Jason Coats","White Sox",".243","1.67","15.8 %","52.6 %","31.6 %","16.7 %","8.3 %","58","14282"
"Johnny Giavotella","Angels",".276","1.77","22.5 %","49.5 %","28.0 %","9.3 %","7.0 %","367","6740"
"Gerardo Parra","Rockies",".297","2.09","19.2 %","54.6 %","26.1 %","6.6 %","9.2 %","381","8553"
"Freddy Galvis","Phillies",".280","1.10","23.5 %","40.1 %","36.4 %","6.9 %","12.5 %","624","6609"
"Jake Smolinski","Athletics",".257","1.22","22.2 %","42.7 %","35.1 %","16.1 %","8.0 %","319","5408"
"Tyler Holt","Reds",".318","2.06","22.8 %","52.0 %","25.2 %","3.1 %","0.0 %","208","11391"
"Michael A. Taylor","Nationals",".319","1.48","26.8 %","43.7 %","29.6 %","9.5 %","16.7 %","237","11489"
"Jose Iglesias","Tigers",".276","1.82","20.3 %","51.4 %","28.3 %","13.7 %","3.4 %","513","10231"
"Stephen Cardullo","Rockies",".238","0.65","25.0 %","29.5 %","45.5 %","15.0 %","10.0 %","59","11204"
"Chris Iannetta","Mariners",".266","1.13","22.4 %","41.1 %","36.4 %","16.7 %","9.0 %","338","8267"
"Jed Lowrie","Athletics",".316","1.33","25.5 %","42.5 %","32.0 %","6.8 %","2.3 %","369","4418"
"Jabari Blash","Padres",".265","1.21","16.2 %","45.9 %","37.8 %","28.6 %","21.4 %","84","11247"
"Trevor Brown","Giants",".279","1.16","20.9 %","42.5 %","36.6 %","16.3 %","10.2 %","184","13895"
"Gregorio Petit","Angels",".316","1.79","22.1 %","50.0 %","27.9 %","9.3 %","4.7 %","223","3812"
"Jason Heyward","Cubs",".266","1.39","20.5 %","46.2 %","33.3 %","14.4 %","4.8 %","592","4940"
"Colby Rasmus","Astros",".257","0.83","21.1 %","35.8 %","43.1 %","4.7 %","14.2 %","417","9893"
"Rob Refsnyder","Yankees",".304","2.54","26.4 %","52.8 %","20.8 %","3.8 %","0.0 %","175","13770"
"Patrick Kivlehan","- - -",".333","1.00","20.0 %","40.0 %","40.0 %","0.0 %","25.0 %","24","13910"
"Gordon Beckham","- - -",".245","1.13","14.3 %","45.4 %","40.3 %","11.4 %","6.3 %","279","9015"
"Clint Robinson","Nationals",".259","1.28","16.0 %","47.2 %","36.8 %","11.7 %","8.3 %","225","6908"
"Brett Wallace","Padres",".271","1.82","20.7 %","51.1 %","28.1 %","7.9 %","15.8 %","256","8434"
"Dee Gordon","Marlins",".319","2.58","18.5 %","58.7 %","22.8 %","6.8 %","1.7 %","345","8203"
"Andrew Romine","Tigers",".291","2.33","25.9 %","51.9 %","22.2 %","6.7 %","6.7 %","194","1159"
"Luis Sardinas","- - -",".313","1.92","17.6 %","54.2 %","28.2 %","8.1 %","10.8 %","197","13153"
"Travis d'Arnaud","Mets",".293","1.69","16.9 %","52.2 %","30.8 %","19.4 %","6.5 %","276","7739"
"Cody Asche","Phillies",".271","1.00","21.7 %","39.2 %","39.2 %","10.7 %","7.1 %","218","11997"
"Desmond Jennings","Rays",".243","1.25","16.4 %","46.4 %","37.1 %","13.5 %","13.5 %","225","1965"
"Alcides Escobar","Royals",".295","1.67","20.1 %","49.9 %","29.9 %","9.3 %","4.3 %","682","6310"
"Bryan Holaday","- - -",".281","0.56","13.3 %","31.1 %","55.6 %","10.0 %","4.0 %","129","11287"
"Anthony Gose","Tigers",".333","2.50","19.2 %","57.7 %","23.1 %","16.7 %","16.7 %","101","5097"
"Jarrod Saltalamacchia","Tigers",".222","0.58","15.0 %","31.3 %","53.7 %","6.3 %","15.2 %","292","5557"
"Oswaldo Arcia","- - -",".287","1.24","24.6 %","41.8 %","33.6 %","9.8 %","19.5 %","222","10306"
"Ivan De Jesus","Reds",".324","1.93","27.2 %","47.9 %","24.9 %","7.1 %","2.4 %","243","9886"
"Ryan Zimmerman","Nationals",".248","1.40","16.7 %","48.6 %","34.7 %","8.8 %","13.2 %","467","4220"
"Jimmy Rollins","White Sox",".270","1.33","16.2 %","47.9 %","35.9 %","16.7 %","4.8 %","166","971"
"Chad Pinder","Athletics",".297","1.36","13.2 %","50.0 %","36.8 %","7.1 %","7.1 %","55","15191"
"Prince Fielder","Rangers",".235","1.18","19.1 %","43.8 %","37.1 %","8.1 %","8.1 %","370","4613"
"Alejandro De Aza","Mets",".259","0.90","28.0 %","34.1 %","37.8 %","3.2 %","9.7 %","267","3371"
"Shawn O'Malley","Mariners",".309","1.92","22.2 %","51.1 %","26.7 %","13.9 %","5.6 %","232","9629"
"Steve Clevenger","Mariners",".264","1.87","20.4 %","51.9 %","27.8 %","0.0 %","6.7 %","76","9542"
"Tony Kemp","Astros",".269","1.46","24.2 %","45.1 %","30.8 %","7.1 %","3.6 %","136","14894"
"Austin Romine","Yankees",".271","1.42","19.3 %","47.4 %","33.3 %","8.9 %","8.9 %","176","5491"
"Orlando Arcia","Brewers",".267","1.88","17.3 %","54.0 %","28.7 %","14.0 %","9.3 %","216","13185"
"Cole Gillespie","Marlins",".316","0.57","13.2 %","31.6 %","55.3 %","9.5 %","0.0 %","55","5888"
"Cristhian Adames","Rockies",".267","3.50","18.2 %","63.6 %","18.2 %","3.1 %","6.3 %","256","6013"
"James McCann","Tigers",".283","1.01","18.4 %","41.0 %","40.6 %","5.3 %","12.6 %","373","12859"
"Rene Rivera","Mets",".276","1.50","21.1 %","47.4 %","31.6 %","9.5 %","14.3 %","207","3648"
"Christian Bethancourt","Padres",".288","1.25","16.1 %","46.7 %","37.2 %","9.8 %","11.8 %","204","10028"
"Daniel Robertson","Mariners",".313","1.33","12.5 %","50.0 %","37.5 %","0.0 %","0.0 %","21","6266"
"Gregor Blanco","Giants",".279","1.41","21.0 %","46.2 %","32.8 %","11.5 %","1.6 %","274","3123"
"Ramon Cabrera","Reds",".277","1.09","21.5 %","41.0 %","37.5 %","11.1 %","5.6 %","185","10327"
"Manuel Margot","Padres",".300","4.75","23.3 %","63.3 %","13.3 %","0.0 %","0.0 %","37","14712"
"Chris Stewart","Pirates",".244","1.43","17.1 %","48.8 %","34.1 %","21.4 %","3.6 %","113","3878"
"Erick Aybar","- - -",".283","2.44","19.5 %","57.1 %","23.4 %","8.9 %","3.8 %","459","4082"
"Destin Hood","Marlins",".385","4.50","21.4 %","64.3 %","14.3 %","0.0 %","50.0 %","25","9887"
"Julio Borbon","Orioles",".400","2.00","33.3 %","44.4 %","22.2 %","50.0 %","0.0 %","15","3209"
"Bobby Wilson","- - -",".292","1.17","23.8 %","41.1 %","35.1 %","20.3 %","11.9 %","251","6564"
"Aaron Hicks","Yankees",".248","1.22","17.0 %","45.6 %","37.5 %","9.3 %","8.2 %","361","5297"
"Aaron Altherr","Phillies",".288","2.28","26.4 %","51.2 %","22.5 %","13.8 %","13.8 %","227","11270"
"Enrique Hernandez","Dodgers",".234","0.97","17.1 %","40.8 %","42.1 %","12.5 %","10.9 %","244","10472"
"Ryan Flaherty","Orioles",".290","2.10","17.4 %","56.0 %","26.6 %","27.6 %","10.3 %","176","7888"
"Eduardo Escobar","Twins",".280","1.05","23.5 %","39.1 %","37.4 %","10.5 %","5.7 %","377","6153"
"Chris Coghlan","- - -",".235","1.53","20.7 %","47.9 %","31.4 %","5.1 %","10.2 %","300","6878"
"Xavier Scruggs","Marlins",".293","1.62","19.0 %","50.0 %","31.0 %","0.0 %","7.7 %","69","7409"
"Curt Casali","Rays",".250","0.84","19.4 %","36.8 %","43.8 %","17.5 %","12.7 %","256","12510"
"Brett Eibner","- - -",".227","1.07","18.2 %","42.3 %","39.4 %","18.5 %","11.1 %","208","11369"
"Taylor Motter","Rays",".217","1.26","16.1 %","46.8 %","37.1 %","17.4 %","8.7 %","93","12399"
"Aaron Judge","Yankees",".282","0.68","14.0 %","34.9 %","51.2 %","0.0 %","18.2 %","95","15640"
"Ji-Man Choi","Angels",".173","1.45","16.5 %","49.4 %","34.1 %","17.2 %","17.2 %","129","5452"
"Scott Van Slyke","Dodgers",".282","1.07","24.1 %","39.2 %","36.7 %","20.7 %","3.4 %","113","4365"
"Chris Johnson","Marlins",".306","1.61","27.3 %","44.8 %","27.9 %","4.3 %","10.9 %","264","1191"
"A.J. Ellis","- - -",".252","1.14","22.1 %","41.4 %","36.4 %","11.8 %","3.9 %","196","5677"
"Ketel Marte","Mariners",".313","1.99","21.8 %","52.0 %","26.2 %","12.2 %","1.1 %","466","13613"
"Jimmy Paredes","- - -",".283","2.03","17.3 %","55.5 %","27.3 %","10.0 %","16.7 %","167","5481"
"Daniel Nava","- - -",".275","1.11","28.2 %","37.9 %","34.0 %","0.0 %","2.9 %","148","5450"
"Joey Wendle","Athletics",".296","2.20","21.0 %","54.3 %","24.7 %","0.0 %","5.0 %","104","13853"
"Leury Garcia","White Sox",".294","2.11","20.0 %","54.3 %","25.7 %","0.0 %","11.1 %","50","5913"
"Danny Santana","Twins",".305","2.12","21.6 %","53.3 %","25.1 %","11.9 %","4.8 %","248","10322"
"Miguel Rojas","Marlins",".280","2.10","20.2 %","54.0 %","25.8 %","7.1 %","2.4 %","214","7802"
"Chris Gimenez","Indians",".274","1.66","21.4 %","49.0 %","29.6 %","10.3 %","13.8 %","155","7324"
"Alexei Ramirez","- - -",".265","1.84","20.2 %","51.7 %","28.1 %","13.7 %","5.1 %","506","5133"
"Christian Colon","Royals",".287","1.63","20.0 %","49.6 %","30.4 %","14.3 %","2.9 %","161","11145"
"Andre Ethier","Dodgers",".235","0.78","11.1 %","38.9 %","50.0 %","11.1 %","11.1 %","26","6265"
"Oscar Hernandez","Diamondbacks",".100","0.50","18.2 %","27.3 %","54.5 %","0.0 %","16.7 %","11","13490"
"Matt den Dekker","Nationals",".217","1.20","8.3 %","50.0 %","41.7 %","20.0 %","10.0 %","39","11385"
"Max Muncy","Athletics",".218","1.69","18.6 %","51.2 %","30.2 %","15.4 %","7.7 %","133","13301"
"Chris Taylor","- - -",".267","1.33","22.2 %","44.4 %","33.3 %","6.7 %","6.7 %","65","13757"
"Jeff Mathis","Marlins",".318","0.95","15.9 %","40.9 %","43.2 %","15.8 %","5.3 %","132","3448"
"Delino DeShields","Rangers",".272","2.00","17.1 %","55.3 %","27.6 %","8.8 %","11.8 %","203","11379"
"Roberto Perez","Indians",".229","1.74","15.5 %","53.6 %","30.9 %","11.8 %","8.8 %","184","2900"
"Omar Infante","Royals",".278","0.91","20.4 %","38.1 %","41.6 %","10.6 %","0.0 %","149","1609"
"Luke Maile","Rays",".300","1.22","14.5 %","47.0 %","38.6 %","12.5 %","9.4 %","126","13355"
"Alex Rodriguez","Yankees",".237","1.30","18.6 %","46.0 %","35.4 %","14.0 %","15.8 %","243","1274"
"Dioner Navarro","- - -",".248","0.79","21.0 %","34.8 %","44.2 %","13.6 %","5.8 %","334","3179"
"Ben Gamel","- - -",".258","1.27","21.9 %","43.8 %","34.4 %","9.1 %","9.1 %","57","12160"
"Christian Vazquez","Red Sox",".288","3.95","25.0 %","59.8 %","15.2 %","10.0 %","5.0 %","184","9774"
"Jake Marisnick","Astros",".275","1.27","19.3 %","45.2 %","35.5 %","15.7 %","7.1 %","311","11339"
"Rafael Ortega","Angels",".261","2.28","17.6 %","57.2 %","25.2 %","7.5 %","2.5 %","202","10323"
"Robert Andino","Marlins",".350","1.67","20.0 %","50.0 %","30.0 %","0.0 %","0.0 %","24","4900"
"Juan Uribe","Indians",".227","1.33","19.8 %","45.8 %","34.4 %","15.2 %","10.6 %","259","454"
"Adeiny Hechavarria","Marlins",".269","1.59","22.2 %","47.8 %","30.0 %","3.1 %","2.3 %","547","10459"
"Mike Freeman","- - -",".333","2.67","26.7 %","53.3 %","20.0 %","33.3 %","0.0 %","24","11241"
"Kevin Plawecki","Mets",".255","2.04","17.2 %","55.6 %","27.3 %","18.5 %","3.7 %","151","13807"
"Hank Conger","Rays",".259","1.16","17.9 %","44.0 %","38.1 %","18.8 %","9.4 %","137","2505"
"Nick Buss","Angels",".259","0.88","17.5 %","38.6 %","43.9 %","8.0 %","4.0 %","90","6835"
"Yolmer Sanchez","White Sox",".257","0.98","21.3 %","38.9 %","39.8 %","7.0 %","9.3 %","163","11602"
"Cliff Pennington","Angels",".289","1.05","21.7 %","40.0 %","38.3 %","6.8 %","6.8 %","188","3395"
"Jerry Sands","White Sox",".400","3.33","16.1 %","64.5 %","19.4 %","33.3 %","16.7 %","58","4016"
"Michael Martinez","- - -",".299","1.10","18.7 %","42.7 %","38.7 %","13.8 %","3.4 %","106","7358"
"Derek Norris","Padres",".238","0.82","21.9 %","35.1 %","43.0 %","12.5 %","11.7 %","458","6867"
"Hunter Dozier","Royals",".364","1.25","18.2 %","45.5 %","36.4 %","50.0 %","0.0 %","21","15117"
"Ramon Flores","Brewers",".254","1.93","17.0 %","54.6 %","28.4 %","9.1 %","3.6 %","289","11165"
"Matt Olson","Athletics",".118","1.00","5.9 %","47.1 %","47.1 %","25.0 %","0.0 %","28","14344"
"Alexi Amarista","Padres",".313","1.69","25.2 %","47.0 %","27.8 %","9.4 %","0.0 %","150","9063"
"Raimel Tapia","Rockies",".357","1.25","33.3 %","37.0 %","29.6 %","25.0 %","0.0 %","41","14350"
"Alex Presley","- - -",".223","1.45","21.6 %","46.4 %","32.0 %","12.9 %","9.7 %","134","5305"
"Brandon Barnes","Rockies",".314","0.96","19.7 %","39.4 %","40.9 %","0.0 %","0.0 %","109","629"
"Billy Burns","- - -",".264","1.92","19.1 %","53.2 %","27.7 %","23.0 %","0.0 %","332","12701"
"Carlos Perez","Angels",".236","0.98","16.9 %","41.1 %","42.0 %","19.6 %","5.4 %","291","10642"
"Ben Revere","Nationals",".234","2.09","18.1 %","55.3 %","26.5 %","1.2 %","2.4 %","375","4712"
"Pedro Florimon","Pirates",".417","1.75","8.3 %","58.3 %","33.3 %","0.0 %","0.0 %","25","8385"
"Darin Ruf","Phillies",".246","1.09","20.0 %","41.7 %","38.3 %","21.7 %","13.0 %","89","9929"
"Nick Ahmed","Diamondbacks",".258","1.59","21.5 %","48.2 %","30.3 %","13.0 %","5.8 %","308","12147"
"A.J. Reed","Astros",".236","1.28","12.0 %","49.3 %","38.7 %","10.3 %","10.3 %","141","16246"
"Tyler Goeddel","Phillies",".234","1.83","16.9 %","53.8 %","29.4 %","17.0 %","8.5 %","234","13180"
"Ben Paulsen","Rockies",".297","1.55","13.8 %","52.3 %","33.8 %","4.5 %","4.5 %","97","9741"
"Jason Rogers","Pirates",".125","6.50","6.3 %","81.3 %","12.5 %","0.0 %","0.0 %","33","11773"
"Paul Janish","Orioles",".214","0.70","37.0 %","25.9 %","37.0 %","30.0 %","0.0 %","35","7412"
"Stefen Romero","Mariners",".286","0.43","28.6 %","21.4 %","50.0 %","0.0 %","0.0 %","19","11746"
"J.B. Shuck","White Sox",".210","1.70","15.8 %","53.0 %","31.2 %","14.3 %","6.3 %","241","6677"
"Preston Tucker","Astros",".200","1.14","16.0 %","44.7 %","39.4 %","16.2 %","10.8 %","144","13633"
"Michael Brantley","Indians",".265","1.36","23.5 %","44.1 %","32.4 %","9.1 %","0.0 %","43","4106"
"Colin Walsh","Brewers",".160","1.86","20.0 %","52.0 %","28.0 %","14.3 %","0.0 %","63","10961"
"James Beresford","Twins",".313","13.00","12.5 %","81.3 %","6.3 %","100.0 %","0.0 %","24","4626"
"Kyle Waldrop","Reds",".294","1.14","11.8 %","47.1 %","41.2 %","14.3 %","0.0 %","23","11402"
"Eric Campbell","Mets",".235","2.55","25.0 %","53.8 %","21.2 %","9.1 %","9.1 %","88","6938"
"Jared Hoying","Rangers",".263","0.63","18.4 %","31.6 %","50.0 %","31.6 %","0.0 %","49","10882"
"Mike Aviles","Tigers",".245","1.90","19.3 %","52.9 %","27.9 %","17.9 %","2.6 %","181","5986"
"A.J. Pierzynski","Braves",".237","1.71","20.0 %","50.5 %","29.5 %","4.6 %","3.1 %","259","746"
"Socrates Brito","Diamondbacks",".191","1.04","25.4 %","38.0 %","36.6 %","19.2 %","15.4 %","97","12944"
"Ryan Goins","Blue Jays",".235","1.51","11.3 %","53.4 %","35.3 %","12.8 %","6.4 %","196","9807"
"Carlos Asuaje","Padres",".250","0.88","25.0 %","35.0 %","40.0 %","12.5 %","0.0 %","25","15197"
"Andy Wilkins","Brewers",".154","1.60","7.1 %","57.1 %","35.7 %","20.0 %","20.0 %","27","11251"
"Mikie Mahtook","Rays",".287","0.80","14.4 %","38.1 %","47.5 %","17.9 %","5.4 %","196","13130"
"Yoan Moncada","Red Sox",".571","5.00","28.6 %","71.4 %","0.0 %","0.0 %","0.0 %","20","17232"
"Tuffy Gosewisch","Diamondbacks",".169","1.33","17.6 %","47.1 %","35.3 %","20.8 %","12.5 %","99","5277"
"Shane Robinson","Angels",".200","1.32","18.8 %","46.3 %","35.0 %","17.9 %","3.6 %","111","4249"
"Francisco Pena","Orioles",".280","1.30","11.5 %","50.0 %","38.5 %","30.0 %","10.0 %","43","8298"
"JaCoby Jones","Tigers",".375","1.40","25.0 %","43.8 %","31.3 %","20.0 %","0.0 %","28","14818"
"Dixon Machado","Tigers",".167","3.00","50.0 %","50.0 %","0.0 %","0.0 %","0.0 %","13","11472"
"Adalberto Mondesi","Royals",".271","1.23","11.8 %","48.7 %","39.5 %","10.0 %","6.7 %","149","13769"
"Yan Gomes","Indians",".189","0.86","16.3 %","38.6 %","45.1 %","14.5 %","10.8 %","264","9627"
"Peter O'Brien","Diamondbacks",".125","0.89","2.7 %","45.9 %","51.4 %","21.1 %","26.3 %","67","13288"
"Alen Hanson","Pirates",".269","3.00","20.0 %","60.0 %","20.0 %","20.0 %","0.0 %","33","12926"
"Casey McGehee","Tigers",".269","1.58","14.1 %","52.6 %","33.3 %","3.8 %","0.0 %","96","6086"
"Yadiel Rivera","Brewers",".304","1.79","13.3 %","55.6 %","31.1 %","7.1 %","0.0 %","71","11863"
"Emilio Bonifacio","Braves",".308","2.00","19.2 %","53.8 %","26.9 %","14.3 %","0.0 %","43","4054"
"Austin Barnes","Dodgers",".217","0.54","9.1 %","31.8 %","59.1 %","23.1 %","0.0 %","37","12158"
"Ike Davis","Yankees",".333","2.50","22.2 %","55.6 %","22.2 %","0.0 %","0.0 %","15","8433"
"Ruben Tejada","- - -",".196","1.10","20.0 %","41.8 %","38.2 %","9.5 %","0.0 %","78","5519"
"Matt McBride","Athletics",".273","0.50","27.3 %","24.2 %","48.5 %","12.5 %","0.0 %","44","9373"
"Josh Thole","Blue Jays",".209","0.97","22.0 %","38.5 %","39.6 %","11.1 %","2.8 %","136","9689"
"Hector Olivera","Braves",".267","1.80","6.7 %","60.0 %","33.3 %","20.0 %","0.0 %","21","17528"
"Tony Renda","Reds",".224","2.45","20.8 %","56.3 %","22.9 %","0.0 %","0.0 %","67","13443"
"Ryan Hanigan","Red Sox",".221","2.10","20.5 %","53.8 %","25.6 %","20.0 %","5.0 %","113","4952"
"Don Kelly","Marlins",".174","2.20","27.3 %","50.0 %","22.7 %","0.0 %","0.0 %","30","2216"
"Carl Crawford","Dodgers",".211","3.50","23.9 %","59.2 %","16.9 %","8.3 %","0.0 %","87","1201"
"Reid Brignac","Braves",".286","1.50","25.0 %","45.0 %","30.0 %","16.7 %","0.0 %","29","8380"
"Alberto Rosario","Cardinals",".212","2.43","27.3 %","51.5 %","21.2 %","0.0 %","0.0 %","41","7125"
"Arismendy Alcantara","Athletics",".364","1.75","0.0 %","63.6 %","36.4 %","0.0 %","0.0 %","19","10711"
"Michael Reed","Brewers",".267","12.00","20.0 %","80.0 %","0.0 %","0.0 %","0.0 %","24","13228"
"Carson Kelly","Cardinals",".182","2.33","9.1 %","63.6 %","27.3 %","33.3 %","0.0 %","14","13620"
"Tim Federowicz","Cubs",".300","0.33","20.0 %","20.0 %","60.0 %","8.3 %","0.0 %","33","8609"
"Daniel Castro","Braves",".245","2.36","20.0 %","56.2 %","23.8 %","12.0 %","0.0 %","139","15450"
"Brayan Pena","Cardinals",".182","3.50","18.2 %","63.6 %","18.2 %","50.0 %","0.0 %","14","3231"
"Craig Gentry","Angels",".179","2.57","10.7 %","64.3 %","25.0 %","0.0 %","0.0 %","39","9571"
"Mark Canha","Athletics",".105","0.80","18.2 %","36.4 %","45.5 %","20.0 %","30.0 %","44","11445"
"Dustin Ackley","Yankees",".170","1.05","15.1 %","43.4 %","41.5 %","4.5 %","0.0 %","70","10099"
"Kaleb Cowart","Angels",".226","1.26","16.1 %","46.8 %","37.1 %","8.7 %","4.3 %","87","11494"
"Danny Worth","Astros",".212","2.13","24.2 %","51.5 %","24.2 %","25.0 %","0.0 %","40","198"
"Todd Cunningham","Angels",".190","0.80","14.3 %","38.1 %","47.6 %","10.0 %","0.0 %","29","10822"
"Caleb Joseph","Orioles",".221","1.05","19.2 %","41.3 %","39.4 %","9.8 %","0.0 %","141","7087"
"Jemile Weeks","Padres",".194","1.55","22.2 %","47.2 %","30.6 %","0.0 %","0.0 %","57","2498"
"John Ryan Murphy","Twins",".175","0.83","15.9 %","38.1 %","46.0 %","10.3 %","3.4 %","90","10346"
"Joey Gallo","Rangers",".000","0.25","16.7 %","16.7 %","66.7 %","0.0 %","25.0 %","30","14128"
"Devin Mesoraco","Reds",".175","1.58","22.5 %","47.5 %","30.0 %","8.3 %","0.0 %","55","5666"
"Jaff Decker","Rays",".205","1.33","28.2 %","41.0 %","30.8 %","0.0 %","0.0 %","57","7945"
"Colin Moran","Astros",".200","3.50","40.0 %","46.7 %","13.3 %","0.0 %","0.0 %","25","16909"
"Jeimer Candelario","Cubs",".167","2.00","0.0 %","66.7 %","33.3 %","0.0 %","0.0 %","14","13621"
"Will Middlebrooks","Brewers",".214","2.33","28.6 %","50.0 %","21.4 %","0.0 %","0.0 %","31","7002"
"Emmanuel Burriss","Phillies",".143","1.42","12.1 %","51.5 %","36.4 %","0.0 %","0.0 %","50","2917"
"Jose Pirela","Padres",".200","1.33","6.7 %","53.3 %","40.0 %","25.0 %","0.0 %","41","5485"
"Jordan Pacheco","Reds",".216","1.00","18.9 %","40.5 %","40.5 %","13.3 %","0.0 %","51","2677"
"Nick Noonan","Padres",".214","0.63","7.1 %","35.7 %","57.1 %","12.5 %","0.0 %","20","6880"
"Darrell Ceciliani","Blue Jays",".231","0.67","23.1 %","30.8 %","46.2 %","16.7 %","0.0 %","29","9954"
"Blake Lalli","Braves",".200","3.00","20.0 %","60.0 %","20.0 %","0.0 %","0.0 %","13","9246"
"Collin Cowgill","Indians",".200","3.00","20.0 %","60.0 %","20.0 %","0.0 %","0.0 %","14","7250"
"Deven Marrero","Red Sox",".143","1.50","28.6 %","42.9 %","28.6 %","50.0 %","0.0 %","14","13325"
"Taylor Featherston","Phillies",".200","0.63","13.3 %","33.3 %","53.3 %","25.0 %","0.0 %","28","12590"
"Cole Figueroa","Pirates",".167","0.70","29.2 %","29.2 %","41.7 %","20.0 %","0.0 %","27","8790"
"Cedric Hunter","Phillies",".074","0.92","7.4 %","44.4 %","48.1 %","15.4 %","7.7 %","36","2833"
"Austin Hedges","Padres",".167","0.89","5.6 %","44.4 %","50.0 %","11.1 %","0.0 %","26","12976"
"Juniel Querecuto","Rays",".200","0.67","0.0 %","40.0 %","60.0 %","0.0 %","0.0 %","11","12140"
"Hanser Alberto","Rangers",".205","1.19","10.3 %","48.7 %","41.0 %","18.8 %","0.0 %","58","11902"
"Jose Rondon","Padres",".143","2.17","9.5 %","61.9 %","28.6 %","0.0 %","0.0 %","26","14140"
"Darin Mastroianni","Twins",".000","4.00","0.0 %","80.0 %","20.0 %","0.0 %","0.0 %","11","7316"
"Dan Vogelbach","Mariners",".167","4.00","16.7 %","66.7 %","16.7 %","0.0 %","0.0 %","13","14130"
"Chris Colabello","Blue Jays",".100","2.00","10.0 %","60.0 %","30.0 %","0.0 %","0.0 %","32","13051"
"Renato Nunez","Athletics",".167","9.00","16.7 %","75.0 %","8.3 %","0.0 %","0.0 %","15","14503"
"Erik Kratz","- - -",".135","0.80","8.2 %","40.8 %","51.0 %","16.0 %","4.0 %","87","4403"
"Jorge Alfaro","Phillies",".250","2.50","12.5 %","62.5 %","25.0 %","50.0 %","0.0 %","17","12180"
"Kevan Smith","White Sox",".200","2.00","10.0 %","60.0 %","30.0 %","0.0 %","0.0 %","16","12284"
"Will Venable","Dodgers",".077","9.00","23.1 %","69.2 %","7.7 %","0.0 %","0.0 %","19","211"
"Tyler Ladendorf","Athletics",".114","1.00","15.2 %","42.4 %","42.4 %","21.4 %","0.0 %","50","3211"
"Brendan Ryan","Angels",".167","0.67","16.7 %","33.3 %","50.0 %","66.7 %","0.0 %","14","6073"
"Max Stassi","Astros",".125","6.00","12.5 %","75.0 %","12.5 %","0.0 %","0.0 %","13","10059"
"Matt Dominguez","Blue Jays",".000","0.75","12.5 %","37.5 %","50.0 %","0.0 %","0.0 %","12","4903"
